{
  "alembic\\env.py": 1776346425.1237836,
  "alembic\\versions\\0001_initial_schema.py": 1776346449.8802998,
  "app\\config.py": 1776346586.5981896,
  "app\\database.py": 1776349266.8356767,
  "app\\main.py": 1776346590.9066415,
  "app\\worker.py": 1776346397.516432,
  "app\\__init__.py": 1776346235.8263047,
  "app\\analytics\\__init__.py": 1776346408.943662,
  "app\\api\\analytics.py": 1776346367.5968602,
  "app\\api\\circuits.py": 1776346344.433557,
  "app\\api\\deps.py": 1776346331.1327248,
  "app\\api\\drivers.py": 1776346338.9161246,
  "app\\api\\scenarios.py": 1776346363.3789124,
  "app\\api\\simulations.py": 1776346358.760112,
  "app\\api\\ws.py": 1776346372.4980009,
  "app\\api\\__init__.py": 1776346329.0121655,
  "app\\ingestion\\ergast_client.py": 1776349310.274332,
  "app\\ingestion\\fastf1_client.py": 1776349332.9225812,
  "app\\ingestion\\tasks.py": 1776349504.3208535,
  "app\\ingestion\\transformers.py": 1776349382.8988872,
  "app\\ingestion\\__init__.py": 1776346400.275081,
  "app\\models\\circuit.py": 1776346280.0458272,
  "app\\models\\driver.py": 1776346273.7798376,
  "app\\models\\driver_rating.py": 1776346295.4383771,
  "app\\models\\race_result.py": 1776346287.7522812,
  "app\\models\\simulation_run.py": 1776346313.3641992,
  "app\\models\\team.py": 1776346267.0591843,
  "app\\models\\__init__.py": 1776346259.9970415,
  "app\\schemas\\driver.py": 1776346378.8782618,
  "app\\schemas\\results.py": 1776346390.2901647,
  "app\\schemas\\simulation.py": 1776346384.7334826,
  "app\\schemas\\__init__.py": 1776346375.8122075,
  "app\\simulation\\tasks.py": 1776346408.640048,
  "app\\simulation\\__init__.py": 1776346407.077231,
  "scripts\\run_backtest.py": 1776346468.4636824,
  "scripts\\seed_db.py": 1776349891.557235,
  "scripts\\__init__.py": 1776346462.4403965,
  "tests\\conftest.py": 1776346458.411445,
  "tests\\__init__.py": 1776346453.9497244,
  "tests\\integration\\__init__.py": 1776346461.9481525,
  "tests\\unit\\__init__.py": 1776346461.5558643,
  "CLAUDE.md": 1776349614.939525,
  "PRD.md": 1776345701.183373,
  "README.md": 1776345965.2109227,
  "requirements-dev.txt": 1776346213.1288805,
  "requirements.txt": 1776346210.2126808,
  "f1 video.mp4": 1776344077.3328145
}